{"cameraMode":{"drawMode":0,"name":"Shaded","section":"Shading Mode"},"sceneLighting":true,"audioPlay":false,"sceneViewState":{"m_AlwaysRefresh":false,"showFog":true,"showSkybox":true,"showFlares":true,"showImageEffects":true,"showParticleSystems":true,"showVisualEffectGraphs":true,"m_FxEnabled":true},"in2DMode":false,"pivot":{"x":11.702301025390625,"y":13.832576751708985,"z":-13.48248291015625},"rotation":{"x":-0.4597089886665344,"y":0.30287352204322817,"z":-0.17036761343479157,"w":-0.8172446489334106},"size":1.6104538440704346,"orthographic":false}